{
  "model_path": "C:\\Users\\shour\\Downloads\\dashy\\backend\\strategy_ml\\artifacts\\options_strategy_model.joblib",
  "samples_total": 3661,
  "samples_train": 2928,
  "samples_test": 733,
  "accuracy": 0.42081447963800905,
  "confusion_matrix": [
    [
      41,
      0,
      6,
      7
    ],
    [
      35,
      0,
      3,
      2
    ],
    [
      230,
      26,
      236,
      50
    ],
    [
      18,
      0,
      7,
      2
    ]
  ],
  "labels": [
    "BEAR_PUT_SPREAD",
    "BULL_CALL_SPREAD",
    "IRON_CONDOR",
    "LONG_STRADDLE"
  ],
  "classification_report": {
    "BEAR_PUT_SPREAD": {
      "precision": 0.12654320987654322,
      "recall": 0.7592592592592593,
      "f1-score": 0.21693121693121692,
      "support": 54.0
    },
    "BULL_CALL_SPREAD": {
      "precision": 0.0,
      "recall": 0.0,
      "f1-score": 0.0,
      "support": 40.0
    },
    "IRON_CONDOR": {
      "precision": 0.9365079365079365,
      "recall": 0.4354243542435424,
      "f1-score": 0.5944584382871536,
      "support": 542.0
    },
    "LONG_STRADDLE": {
      "precision": 0.03278688524590164,
      "recall": 0.07407407407407407,
      "f1-score": 0.045454545454545456,
      "support": 27.0
    },
    "accuracy": 0.42081447963800905,
    "macro avg": {
      "precision": 0.2739595079075954,
      "recall": 0.31718942189421895,
      "f1-score": 0.214211050168229,
      "support": 663.0
    },
    "weighted avg": {
      "precision": 0.7772336060667787,
      "recall": 0.42081447963800905,
      "f1-score": 0.5054872277423766,
      "support": 663.0
    }
  },
  "feature_importance": {
    "close": 0.032386707183540156,
    "sma_20": 0.03647305491113147,
    "sma_50": 0.034252365207318135,
    "trend_strength": 0.048745375315756394,
    "price_vs_sma20": 0.03373983599186517,
    "price_vs_sma50": 0.030889003108633826,
    "rsi_14": 0.03874191700822892,
    "macd": 0.028550376968517602,
    "macd_signal": 0.03410037193037766,
    "macd_hist": 0.04322154466243046,
    "atr_14": 0.035183152719205676,
    "rolling_std_20": 0.10919768722354438,
    "hist_vol_20": 0.10031439131113572,
    "bb_upper": 0.03710473671600294,
    "bb_lower": 0.033351226647833826,
    "bb_width": 0.07021305748286644,
    "volume_spike": 0.03666806637928604,
    "spy_trend_strength": 0.09747479412945721,
    "spy_price_vs_sma20": 0.04041283522072958,
    "spy_hist_vol_20": 0.07897949988213848
  },
  "backtest": {
    "total_return": 132.64392812794398,
    "win_rate": 0.4557926829268293,
    "avg_return_per_trade": 0.2022011099511341,
    "trades": 656
  }
}